review,team,review2
"경상남도 합천군 가야면,경상북도 성주군 가천면에걸처있는 높이 상왕봉1,430m 의 산이다.가야산은 예로부터 조선팔경 또는 12대명산의 하나로꼽혀왔다.1966년 가야산 해인사 일원이 사적및 명승으로지정되고 1972년10월 에는 다시 가야산 국립공원으로 지정되었다한다.출처:네이버  *등산코스주차장 -백운동탐방지원센터(용기골) - 백운암지 - 서성재 - 칠불봉 - 상왕봉정상 - 서성재 - 만물상탐방로 -백운동탐방지원센터 - 8.8km 갑자기 결정된산행!!가을이 깊어진 도로를 달려 가야산으로~~  넓은 주차장은 이미 만차 한바퀴를 돌아 겨우주차를 했다 10시를 훌쩍넘은 시간이다.주차비는 무료다주차장 옆 화장실도 깨끗하게 관리되고있다. 주차장 주변 으로  단풍이 예쁘게 물들었다. 주차장을 벗어나면 상가들이 있다. 등산로 입구까지300m 포장도로 로 걸어가야한다.  우측으로 가야호텔이 있다. 등산로 입구까지 가는길에 단풍이 멋스럽다. 백운동야영장 입구다.좌측으로는 만물상 코스 탐방예약제를 운영하고 있어인터넷 예약은 필수!!예약을하지않아 용기골 코스로 가서 만물상 코스로하산하기로 한다.  용기골 탐방로 등산로 입구 단풍이 아름답다. 용기골  등산로 입구는 돌계단 완만한 오름길로시작한다. 용기골 첫번째 다리  전경 누군가가 쌓아논 돌탑위로 많은 이들의 소망이 더해진  돌탑이 등산로  옆에  자리하고있다. 용기골  등산로는 판석을 깔아놓은것 같은 길도있다. 등산로 길을 따라 단풍나무가 많아 눈이즐겁다. 이제 1km, 아직 정상까지 3km  마지막 계곡 다리  아름다운단풍이 다리길을 멋스럽게한다.등산길은 와만한편이어서 단풍산행하기 좋다. 절반올라온지점정상까지 2km남았다  예전 백운암이 있었던 자리란다. 넓은 계단길도있다 서성재 삼거리 상왕봉 들러 이곳으로 돌아와 만물상코스로 가야한다. 산죽길을지나 잠깐의 휴식을 하며 안전산행 을 기원하며 돌탑을 올려본다.서성재를 지나고 가파른 오르막 길이 시작된다. 전망이좋아 사진한컷 오르막 계단길이 힘겹다. 칠불봉으로 향하는 산객들이 즐비하다. 하늘에 먹구름이 끼고있다. 칠불봉 정상석1,433m가야산 에서 가장높은 봉우리이다. 칠불봉 에서 바라본 상왕봉정상이 멀리보인다. 상왕봉까지0.1km 정상으로 오르는 마지막계단을오르고~ 드디어 정상에 오르니 주변 경관이 보인다는 안내판도 보이고 안내판 앞쪽으로 우비정이있다.가야산 꼭대기에 있는 샘, 가물어도 물이 마르지 않는다는우비정 가야산은 우두산으로도 불리는데  소의 머리를뜻한다 우비정은 그 코의 위치에 해당한다고한다. 지나온 칠불봉쪽을 담아본다. 가야산 우두봉 .상왕봉 정상석이산의 정상부가 소의 머리처럼 생겼다한다.가야산의 이름은 가야산 외에도 우두산,설산,상왕산,중향산,기달산 등 여섯가지가 있었다고한다.가야산 유래중 불교가 전래되기 이전의 이름은 우두였다.그런데 불교가 전래된뒤 범어에서 ""가야""는 소를 뜻하고가야산은 불교성지이므로 '가야산' 이라는 이름으로정착되었다고 한다 이와 관련하여 주봉 상왕봉의 '상왕'은 열반경 에서 모든 부처를 말하는 것으로 이 또한불교에서 유래한 것이라한다. 가야산 정상부 바위 안개가 뿌옇게 시야를 가린다. 정상바위에 앉아 간단히 점심을하고 시야가 흐려 멀리 볼수는 없어도 점심후 달달 커피한잔은일품이다. 지나온길도 찍어보고~~  토신골탐방센터로 가는 암릉 계단길도 찍어본다. 잠시 휴식후 하산길~산이 웅장하고 멋있어 감탄이 절로난다. 정상에서 칠불봉 사이에 있는 암릉길은 사진찍기명소다.  하산길에 우뚝솟은 바위도 찍어보고 오르막 길에 힘들었던 계단길도 내리막엔 경치가아름다워 찍어보고그러다보니 서성재 서성재 유래 만물상코스는 어려운코스 라고 표시되있다. 가야산국립공원 입산시간 지정제 가야산에서 가장 험하고 아름답다는 만물상코스로 향한다.. 만물상코스로 들어오니 보이는 바위 바위 옆쪽으로 출입금지표시가 있다.  멀리 가야산의 가을풍경을 담아본다. 상아덤가야산 에서 가장 아름다운 만물상 능선과 이어져 있어최고의 전망을 감상할수 있다 한다.상아덤에서 백운동지구(암릉)까지 3.5km에 달하는기암괴석의 능선길이다. 상아덤의 유래 바위가 멋스럽다 만물상 전경만물상은 2009년 경상북도 성주군에서 선정한 성주팔경의 제1경에 해당하는곳이다.만물상은  2010년까지 약40년간 일반인의 출입이 금지되어 원시 그대로의 신비로움을 간직하고 있다한다.만물상의 기암으로는 코끼리바위,돌고래바위,불상바위,두꺼비바위,쌍둥이바위 등이있다한다. 만물상코스 바위는 명품 바위가 많다. 멋진바위 풍경과 계단이 하늘을 찌를 듯하다 만물상코스는 발걸음을 느려지게한다.볼거리와 사진명소가 많아 시간이 많이지체됐다.  만물상 코스의 멋짐~~힘든산행~ 명품소나무 사람형상같기도하고 해서 찍어본다.  가야산 의 만물상 코스는 힘들어도 꼭 둘러보아야한다는생각을 해본다.   바위옆 계단길도 경치 감상에 힘든지도 모르겠다^^ 상왕봉정상에서의 먹구름은 사라지고바위와 푸른 하늘이 멋있다. 우주선 모양의 바위에도 올라보고~  바위틈에 낀 돌~~ 만물상의 바위능선길도 담아본다.  가을단풍의 가야산  능선길의 소나무가 뿌리를 드러내고 자라고있다. 백운동탐방센터 까지1km 산아래 마을이보인다. 만물상코스에서 많이 지체했나보나해가 지고 마을에는 불빛이 켜지고 있다. 백운동탐방센터 까지0.6km 해지는 석양의 만물상코스도 찍어보고 산속이라 금방 어두워져서 더이상의 촬영은 힘들다. 만물상 탐방로 입구 까지 왔을 때는 6시가 조금지났는데 와전히 어두워졌다. 기억에 오래남을 산행을 마치며~~오늘도즐거운산행~^^#가야산국립공원 # 상왕봉 #우두봉 #칠불봉#가야산 만물상코스 #상아덤 #서성재 #가야산등산코스#가야산국립공원단풍 ",1팀,경상남도 합천군 가야면 경상북도 성주군 가천면 처 있 높이 왕봉 산 야산 예 조선팔경 대명 산 하나 년 가야산 해인사 일원 사적 명승 지정 년 월 가야산 국립 공원 지정 출처 네이버 등산 코스 주차장 백 운동 탐방 지원 센터 기골 백운암 지 성재 칠불 봉 상왕 봉정상 서성 만물 상탐 방로 백 운동 탐방 지원 센터 결정 산행 가을 깊 도로 산 넓 주차장 만차 바퀴 돌 주차 시 넘 시간 다주 차비 무료 주차장 옆 화장실 관리 주차장 주변 단풍 예쁘 물들 주차장 벗어나 상가 있 등산로 입구 포장도로 걸어가 우측 가 호텔 있 등산로 입구 가 길 단풍 멋 백 운동 야영장 입 좌측 만물 코스 탐방 예약 운영 인터넷 예약 필수 예약 하 용기 골 코스 가 만물 코스 하산 용기 골 탐방 등산 입 단풍 아름답 용기 골 등산 입 돌계단 오름길 시작 용기 골 번 다리 전경 누군가 쌓 돌탑 위 많 이 소망 돌탑 등산로 옆 자리 용기 골 등 산로 판석 깔 것 같 길 있 등산 길 단풍나무 많 눈 즐겁 정상 마지막 계곡 다리 단풍 다리 길 멋 등산길 편 단풍 산행 좋 절반 지점 정상 남 예전 백운암 있 자리 넓 계단 길 있 서성 삼 거리 왕봉 이곳 만물 코스 가 산죽 길 잠깐 휴식 하 안전 산행 기원 돌탑 다서 성재 지나 오르막 길 시작 전망 좋 사진 컷 오르막 계단 길 힘겹 봉 향하 산객 하늘 먹구름 끼 봉 정상 석가 야산 높 봉우리 봉 상왕 봉정상 상왕 봉 정상 오르 마지막 계단 오르 정상 오르 주변 경관 안내판 보이 안내판 앞쪽 우비 정 있 야산 꼭대기 있 샘 가물 물 마르 우비 정 가야산 우두산 불리 소 머리 우비 정 코 위치 해당 칠불 봉 쪽 담 가야산 우두 봉 왕봉 정상 석 산 정상부 소 머리 가야산 이름 가야산 외 우두 산설 산상 왕산 중향 산기 달산 등 여섯 가지 있 유래 중 불교 전래 이전 이름 우두 불교 전래 뒤 범어 가 소 뜻 산 불교 성지 산 이름 정착 이 관련 주봉 왕봉 상왕 열반경 부처 말 것 불교 유래 것 가야산 정상부 바위 안개 뿌옇 시야 정상 바위 앉 점심 하 시야 수 없 점심 후 커피 잔 일품 길 찍 토신 골 탐방 센터 가 암 릉 계단 길 찍 후 산길 멋있 감탄 정상 칠불 봉 사이 있 암 릉 길 사진 찍 명 소다 산길 솟 바위 찍 오르막 길 힘들 계단 길 내리막 경치 찍 그러 성재 서성 유래 만물 코스 코스 표시 국립 공원 입산 시간 지정 가 야산 험하 아름답 만물 코스 만물 코스 들어오 보이 바위 바위 옆쪽 출입 금지 표시 있 가야산 가을 풍경 담 상아 덤 야산 만물 능선 최고 전망 감상 수 있 상아 덤 백 운동 지구 암 릉 달 기암괴석 능선 길 상아 덤 유래 바위 멋 만물 전경 물상 년 경상북도 성주군 선정 성주 팔경 제경 해당 곳 물상 년 약년 간 일반인 출입 금지 원시 신비 간직 만물 기암 코끼리바위 돌고래 바위 불상 바위 두꺼비 바위 쌍둥이 바위 등 있 만물 코스 바위 명품 바위 많 바위 풍경 계단 하늘 듯 만물 코스 발걸음 볼거리 사진 명소 많 시간 지체 만물 코스 멋 짐 산행 명품 소나무 사람 형상 같 하 찍 가야산 만물 코스 힘들 둘러보 생각 바위 옆 계단 길 경치 감상 모르 상왕 봉정상 먹구름 사라지 바위 하늘 멋있 우주선 모양 바위 바위틈 돌 만물 바위 능선 길 담 가을 단풍 가 야산 능선 길 소나무 뿌리 드러내 자라 백 운동 탐방 센터 산 아래 마을 만물 코스 지체 마을 불빛 백 운동 탐방 센터 까지 석양 만물 코스 찍 산속 이상 촬영 힘들 만물 탐방 입 까지 때 시 와전 기억 남 산행 마치 오늘 산행 가야산 국립 공원 왕봉 우두 봉 칠불 봉가 야산 만물 코스 상아 덤 서성 가야산 등산 코스 야산 국립 공원 단풍
"서산에 있는 가야산을 종주했습니다.제1,2,3 편에서는 가야산 주차장에서 산행을 시작하여상가(上加) 저수지를 거쳐 가야산 주능선 삼거리까지 간 과정을 올렸습니다.주능선 삼거리는 가야봉 북쪽 300 m 아래 지점에 있습니다.주능선 삼거리에서 내려다 본 해미면은 평화로웠습니다.시야가 흐려 서해는 보이지 않았지만 희미한 그림자는 보였습니다.가야봉 북쪽에 있는 석문봉과 옥양봉도 뚜렷하게 보였습니다.이번 편은 가야봉을 올라갔다가 내려오는 과정을 올리겠습니다. 가야봉 바위 절벽가야봉 계단에서 보았습니다. 가야봉 서편 절벽 가야봉 전망대 가야봉 서벽 가야봉 전망대에서 본 석문봉과 옥양봉왼쪽 끝에 있는 봉우리가 석문봉이고 오른쪽이 옥양봉입니다. 앗,상가 저수지가야봉 전망대에서 내려다보았습니다. 인증 샷뒤는 중계탑입니다.이 사진에서는 가야봉과 중계탑이 아주 가깝게 있는 것처럼 보입니다.그러나 아래 사진을 보면 가야산 주봉은 300 m 남쪽에 떨어져 있음을 확인할 수 있습니다. (참고 사진)상가(上加) 저수지에서 올려다 본 가야산 가야봉중계탑이 모두 여섯 개가 서 있습니다.위의 사진(""인중 샷""을 찍는 사진)에서 보이는 중계탑 3 개는 이 사진에서는 오른쪽에 있는 3 개의 중계탑입니다.(이 사진은 아래 ""가야산 주봉과 가야봉의 관계""를 설명하는데참고하면 좋을 것 같아서 올렸습니다.) 금북 기맥 가야산해발 678 m서산 서부 산악회에서 세웠습니다. 가야산 가야봉해발 678 m여기서 불편한 진실을 밝혀놓아야 합니다.여기는 해발 678 m가 아닙니다.해발 650 m입니다.가야봉도 아닙니다.왜냐하면 가야봉 높이가 678 m이니까요.위에서 말한 바와 같이 여기는 해발 650 m입니다.왜 이런 일이 벌어졌느냐 하면가야산 주봉(편의상 해발 678 m 봉우리를 이렇게 부르겠습니다.)은남쪽에 있는 중계탑 경내에 있는 봉우리이기 때문입니다.물론 거기 봉우리 높이는 678 m입니다.주봉에는 국가 주요 시설물이 있기 때문에 일반인의 출입이 엄격하게 통제됩니다.따라서 일반 산객들은 애써 정상에 올라오기는 했지만 정상은 구경도 못합니다.그래서 제시한 대안이 일반인의 출입이 자유로운 해발 650 m 지점(현재 여기)에정상 표지석을 세우고 전망대도 만들어 놓아 산행에 불편이 없도록 한 것입니다.정리하면 가야산 주봉은 해발 678 m이고 중계탑 경내에 있습니다.그리고 가야산 가야봉은 해발 650 m이고 주봉 북쪽 300 m 지점에 있습니다.(위, 위의 상가 저수지에서 올려다 본 가야산 사진 참조)여기 있는 표지석은 엄격하게 말하면 중계탑 경내에 있어야 합니다.위에서 살펴본 대로 경내는 출입이 되지 않으니 여기에 세웠습니다.따라서 우리가 알고 넘어가야 할 것은 여기 높이는 650 m 이지,  678 m가 아니라는 사실입니다.알고 넘어가는 것 하고 모르고 넘어가는 것은 다릅니다.착오가 없었으면 좋겠습니다. 가야봉 전망대에서 본 한서대학교 서산 캠퍼스 당겨본 서산 캠퍼스 내려다 본 서해앞은 해미면입니다. 가야봉 전망대에서 본 석문봉오른쪽 위에 있는 봉우리입니다. 가야봉에 있는 이정표 내려다 본 해미면 당겨 본 해미면 I 당겨 본 해미면 II 한서대학교 서산 캠퍼스아주 가깝게 보입니다. 해미면 가야산 가야봉해발 678 m로 되어 있으나 실제는 650 m입니다. 표지석 2 개 전망대에 있는 산객들 가야봉 계단에서 본 석문봉왼쪽의 높은 봉우리입니다.그 오른쪽은 옥양봉입이다. 구절초 I 구절초 II 미역취가야산 5/7편에서 계속됩니다. ",1팀,서산 있 가야산 종주 제 편 가야산 주차장 산행 시작 상가 저수지 가야산 주 능선 삼거리 과정 능선 삼거리 가 봉 북쪽 아래 지점 있 능선 삼거리 해 미면 평화 시야 서해 보이 그림자 가 봉 북쪽 있 석문봉 옥양봉 이번 편 가 봉 내려오 과정 올리 가 봉 바위 절벽 가 봉 계단 보 가 봉 서편 절벽 가 봉 전망대 가 봉 서벽 가 망대 석문봉 옥양봉 왼쪽 끝 있 봉 우리 석문봉 오른쪽 옥양봉 상가 저수지 망대 내려다보 인증 샷 뒤 중계탑 사진 가 봉 중계탑 가깝 것 아래 사진 보 가야산 주봉 남쪽 확인 수 있 참고 사진 상가 저수지 가야산 가 중계탑 여섯 개 가 위 사진 인중 샷 찍 사진 보이 중계탑 개 사진 오른쪽 있 개 중계탑 사진 아래 가야산 주봉 가 봉 관계 설명 데 참고 좋 것 같 금북 기 맥 가야산 해발 서산 서부 산악회 가야산 가 발 여기 불편 진실 여기 해발 해발 봉 가 봉 높이 이 요위 말 바 여기 해발 일 하 야산 주봉 편의 해발 봉우리 부르 남쪽 있 중계탑 경내 있 봉우리 때문 거기 봉우리 높이 입니다 주봉 국가 주요 시설물 있 때문 일반인 출입 통제 일반 산객 정상 올라오 정상 구경 제시 대안 일반인 출입 자유 해발 지점 여기 정상 표지 석 세우 전망대 만들 산행 불편 없 것 정리 가야산 주봉 해발 중계탑 경내 있 가야산 가 봉 해발 주봉 북쪽 지점 있 위 위 상가 저수지 가야산 사진 참조 여기 있 표지 석 말 중계탑 경내 있 위 대로 경내 출입 되 여기 우리 알 넘어가 것 여기 높이 사실 알 넘어가 것 하 모르 넘어가 것 착오 없 좋 가 망대 한서 대학교 서산 캠퍼스 서산 캠퍼스 서해 앞 미면 망대 석문봉 오른쪽 위 있 봉우리 봉 있 이정표 해미 해미 해미면 한서 대학교 서산 캠퍼스 가깝 해미면 가야산 가 발 되 실제 표지 개 전망대 있 산객 가 봉 계단 석문봉 왼쪽 높 봉우리 오른쪽 옥양 봉입 구절초 구절초 미역취 야산 편 계속
" 돌아봐야 할 100대 명산 : 합천 가야산 (1,430m)산행 날짜:2023년 4월 29일산행 코스: 해인사 성보박물관~가야산 정상~원점회귀산행 들머리 네비 주소:해인사 성보박물관산행 난이도:★★★☆☆산행 거리 왕복: 약 9km산행 소요시간:약 4~5시간 해인사 토신골탐방지원센터에서 가야산 정상까지 원점회귀 산행했습니다.비 소식만 없었어도 가야산 백운동지구  만물상 등산 코스로산행 일정 잡았을 텐데.. 아쉬운 날씨였습니다. ㅣ백동지구 만물상 등산코스는 산행 예약제이며 험한 코스답게 멋진 기암괴석과 탁트인 풍광이 일품인 코스입니다.반면에 해인사 토신골탐방지원센터에서 출발하는 등산코스는 등로가 대체적으로 완만한 길이며 가야산 8~ 9부 능선까지는  올라가야 멋진 조망을  보실 수 있습니다. 해인사 매표소 해인사 성보박물관  주차장에 도착했습니다.장시간 달려오다 보니 피곤도 하고 배도 출출할 때라 김밥과 간식으로  체력 보충합니다.정상에서 먹을 막걸리와 함께 ....  금방이라도 비는 내릴 것 같은 안개 낀  날씨지만 새벽비로 인한 촉촉한  연두빛 물든 해인사의 길을 걷다 보니  몸도 마음도 건강해지는듯합니다.  일주문 앞에서 찰칵  봉황문 등지고 찰칵  고즈넉한 멋스러운 길입니다.  부처님 오신 날 대비하여 벌써부터 연등축제 및 행사 준비를 해 놓았네요 중생의 소원 다 들어줄 것 같은 분위기입니다. ㅣ합천 해인사법보종 해인사는 불보사찰 통도사,승보사찰,송광사와 더불어 한국의 삼대 사찰로 꼽힌다해인사는  한국 화엄종의 근본 도량이자 우리 민족 믿음의 총화인 팔만대장경을 모시는 사칠이다 ㅡ자료 참조ㅡ 팔만대장경   등산하기 전 해인사 팔만대장경 구경하고본격적인 등산로 코스로 이동합니다 토신골 탐방지원센터토신골 탐방지원센터입니다.여기서부터 상왕봉까지 4km  약 2시간 올라가야 합니다.   연두색 물감을 뿌려놓은 듯한 숲으로 힐링하러  들어갑니다.  등산로길 양옆으로 길게 죽은 조릿대 길 걷다가 눈썰미가 좋은 시온님 눈에 딱 걸린  더덕입니다.제법 향이 진하고  좋습니다.  3분의 1 언저리 왔습니다. 등로 길은 아주 좋습니다. 남부 지방이라 확실히 날씨가 따뜻하여 얼레지꽃이 아닌 씨방이 달려있습니다. 산 철쭉꽃  어느 정도 왔을까  한 템포 쉬어갑니다  정상 다다를 즘 짙게깔린 안개로 기대했던 정상의 풍광은 사라저만 갑니다.     볼거리도 없던 등로에 석조여래입상 가는 이정표가 있습니다.정상은 600m 남았습니다.  한번 둘러보겠습니다. 석조여래입상에서 본 가야산 정상 암벽 능선입니다.구름이 잠시 걷히니 웅장한 모습이 드러나 보입니다.  해인사 석조여래입상 보물 제264호  내려다본 경치첫 전망 좋은 고산 뷰 맛집입니다.석조여래입상 바로 위쪽에 위치한  바위 쉼터입니다. 구름 낀 사이로 내려다보이는  주변 풍광을 잠시나마 보여주시고 뒤편으로 정상 부를 보면 구름이 휘감아 도는 연출까지 역동적인 가야산의 모습을 보게 됩니다. 날씨 맑은 날은 볼 수 없는 찰나의 순간들  사진에 담아보았습니다.     암벽 주변 낙석 위험으로 돌아가기 위한 데크다리입니다.  봉천대 왔습니다.사방이 탁 트인 곳이라 사람이 날아갈 듯 바람이 거세게 불고 있습니다.역시나 천고지 산은 쉽지 않은 산행입니다. 봉천대 가야 19명소  ㅣ봉천대하늘에 기우제를 지내던 곳 가야산 꼭대기에 신령한 곳 있으니개울물은 차갑고 초목은 무성하도다.혹 구름에다 지극히 정성을 다하면패연히 뇌우가 산봉우리에서 일어나도다. 산이 높아 구름에 걸려있는 정상 주변이라 조망은 없지만 나름 보이는 만큼 둘러봅니다. 해인사 길과  백운동탐방지원센터길  상왕봉 정상가는 삼거리 이정표입니다. 가야산 마지막 정상 계단입니다.통천계단이라고 불러야 될 것 같은 분위기입니다.  해인사 상왕봉백대 명산 합천 가야산  상황봉(1,430m)  인증합니다. ㅣ가야산 해인사 일원가야산은 소백산맥의 지맥으로 경상남도와 경상북도가 잇대어 있는 곳에 위치하고 있으며주봉인 상왕봉은 일명 우두산으로도 불리어지고 있다.해발 1430m로 법보종찰 해인사의 주산이며, 조선팔경의 하나로 꼽히기도 했던 이름난 명산이다.ㅡ자료 참조ㅡ  비우정 가야산 꼭대기에 있는 샘 비우정입니다.   하회탈님께서 보내주신 홍어정상에서  순삭 맛있게 잘 먹었습니다. 보내주셔서 감사드립니다.인증샷 남겨봅니다. 하산길에 다시보는 정상석 주변 경치입니다.구름으로 가시거리는 짧게 보이지만 가야산 정상의 아름다움을 그대로 느껴지는 명산입니다.  구름으로 숨겨놓은 가야산의 아름다운 비경들을 뒤로하고 원점회귀 산행 마무리합니다 토산골 탐방지원센터   가야산 바위 봉우리들이  한눈에 조망이 되는 뷰가 좋은 펜션입니다.구름 걷힌 가야산 경치를 보며 백산팀과 함께 저녁 만찬을 즐겨봅니다.  50m? NAVER Corp.더보기 /OpenStreetMap지도 데이터x? NAVER Corp. /OpenStreetMap지도 컨트롤러 범례부동산거리읍,면,동시,군,구시,도국가가야산국립공원경상남도 합천군 가야면 가야산로 1645-8 길상암  ",1팀,돌 명산 합천 가야산 산행 날짜 년 월 산행 코스 해인사 성보 박물관 가 야산 정상 원점 회귀 산행 들머리 네비 주소 해인사 성보 박물관 산행 난이도 산행 거리 왕복 약 산행 소요 시간 약 시간 인사 토신 골 탐방 지원 센터 가야산 정상 원점 회귀 산행 소식 없 산 백 운동 지구 만물 등산 코스 산행 일정 잡 텐데 날씨 ㅣ 백동 지구 만물 등산 코스 산행 예약 코스 기암괴석 탁트인 풍광 일품 코스 반면 해인사 토신 골 탐방 지원 센터 출발 등산 코스 등 대체 길 능선 올라가 조망 보 수 있 해인사 매표소 해인사 성보 박물관 주차장 도착 장시간 달려오 피곤 하 배 때 김밥 간식 체력 보충 정상 먹 막걸리 비 것 같 안개 날씨 새벽 비 연두 빛 해인사 길 걷 몸 마음 건강 듯 일주문 앞 봉황문 등지 멋 길 부처 오 날 대비 연등 축제 행사 준비 중생 소원 것 같 분위기 ㅣ 합천 해인 사법 보종 인사 불보 사찰 통도사 승보 사찰 송광사 더불 한국 삼 대 사 찰 해인사 한국 화엄종 근본 도량 우리 민족 믿음 총화 팔만대장경 모시 사 칠 참조 팔만대장경 등산 전 인사 팔만대장경 구경 본격 등산 코스 이동 토신 골 탐방 지원 센터 토신 골 탐방 지원 센터 여기 상왕 봉 시간 올라가 연두색 물감 듯 숲 힐링 등산 길 옆 길 죽 조릿대 길 걷 눈썰미 좋 시온 눈 더덕 향 진하 좋 언저리 등 길 좋 남부 지방 날씨 얼레지 꽃 씨방 산 철쭉꽃 정도 템포 쉬 정상 즘 짙 안개 기대 정상 풍광 사라 저 볼거리 없 등 석조 여래 입상 이정표 있 정상 남 둘러보 석조 여래 입상 가야산 정상 암벽 능선 구름 걷히 모습 해인사 석조 여래 입상 보물 제호 경치 전망 좋 고산 뷰 맛집 석조 여래 입상 위쪽 위치 바위 쉼터 구름 사이 보이 주변 풍광 잠시 뒤편 정상 부 보 구름 휘감 연출 역동 가야산 모습 보 날씨 맑 날 수 없 찰나 순간 사진 담 암벽 주변 낙석 위험 돌아가 데크 다리 천 대 사방 곳 사람 듯 바람 거세 불 나 천 고지 쉽 산행 천 대 가 명소 ㅣ 봉천대 하늘 기우제 지내 곳 가야산 꼭대기 곳 있 개울물 차갑 초목 구름 정성 하 뇌우 산봉우리 일어나 산 높 구름 정상 주변 조망 없 나름 보이 만큼 해인사 길 백 운동 탐방 지원 센터 길 왕봉 정상 가 삼거리 이정표 가야산 마지막 정상 계단 통천 계단 것 같 분위기 해인사 왕봉 백 대 명산 합천 가야산 상황봉 인증 ㅣ 야산 해인사 일원 가야산 소백산맥 지맥 경상남도 경상북도 잇대 곳 위치 주봉 상왕 봉은 일 명 우두산 불리 해발 법 보종 해인사 주산 조선팔경 하나 꼽히 명산 참조 우정 가야산 꼭대기 있 샘 우정 하회탈 홍어 정상 순삭 맛있 먹 감사 인증 샷 산길 보 정상 석 주변 경치 구름 가시거리 짧 보이 가야산 정상 명산 구름 가야산 비경 뒤로하 원점 회귀 산행 마무리 토산 골 탐방 지원 센터 가야산 바위 봉우리 한눈 조망 되 뷰 좋 펜션 구름 가야산 경치 보 백산 팀 저녁 만찬 보 지도 데이터 지도 컨트롤러 범례 부동산 면 동시 군구 시도 국가 야산 국립 공원 경상남도 합천군 가야면 가야산 길상 암
"블랙야크 챌린지 83/100장소 : 경상남도 상주, 합천에 걸쳐있는 가야산           국립공원교통 : 안내산악회 (좋은사람들)코스 : 백운동 탐방지원센터 - 서성재 - 칠불봉 -          상왕봉 - 해인사 - 주차장  9킬로 남짓만물상 코스로 가면 경치는 더욱 좋겠지만 산악회버스 시간이 빠듯할까봐 여유있는 코스로 시작.국립공원 여권에 스탬프 찍어서 기분좋음^^  요기서 만물상과 백운동 계곡길로 갈라집니다.만물상 코스는 미리 인터넷 예약을 해야하는것 같아요이래 저래 그쪽으로는 못가요 ㅎ  백운동 계곡으로 고고씽.날씨 좋은데 미세먼지 많음 주의^^ 꽃사진은 안찍을수가 없지요  이쁘당 이름도 모르지만 예쁨    3.9킬로 가는 길에 마지막 1킬로가 힘든구간이에요계단이 잔뜩 잔뜩 있네요  미세먼지 희뿌연 뷰  진달래, 철쭉이 알록달록    그래도 정상쪽은 암릉이어서 확 트인 뷰가 좋아요   관악산 느낌. 계단어택 칠불봉이 바로 오른쪽이라 안가기 애매해요게다가 멋지게 정상석을 만들어두었네요1433m. 인증지인 상왕봉보다 3m 높아 진정한가야산 정상이라는..ㅋㅋ    칠불봉에서 200 미터 저쪽 너머가 상왕봉 이렇게 인증 해주고  요런사진 좋아합니다.등산잡지 재질아닌가요?    위로 올려보며 찍으면 제법 화창한 하늘 부지런히 하산 연두빛이 싱그러워서 열심히 찍었어요 드뎌 해인사도착쌍겹벛꽃은 아직도 화사하네요  부처님 오신 날 준비하는지 부산한 경내   역시 역사와 전통이 있는 사찰이라 웅장하다 아이가 쓴 것같은  손글씨넘 귀엽  이런 거 보면 절에 다니고 싶고, 성당가면 또 거기 가고싶어서 나는 무교.     팔만대장경이 있는 맨 뒤 전각 저기 안에 있어요. 두번째 보는건데 오랜만이라경건해지고 늘 대단하다는 감탄을 합니다. 구도가 좋네요 아쉽게 나오는 길  이렇게 사진앞에서 폼만 잡고  여유있게 시간이 남아 해인사도 천천히 둘러보니힘든줄도 모르겠어요^^  여기가 정문입구  성철스님의 사리탑도 가보고  등산을 마무리 했습니다.산악회 버스를 타면 시간 맞춰야하는 압박이 늘 있는데 오늘은 편안하게 잘 다녀왔어요무리하게 긴 코스보다 여유있는 코스를 선택하세요식사도 하고 버스를 탔으니 3시간 이 넘는 이동시간도잘 자고 쉬면서 편히 왔어요다음주는 월출산. 기대됩니다.편안한 한 주되세요!!!!! ",1팀,블랙 야크 챌린지 장소 경상남도 상주 합천 가야산 국립 공원 교통 안내 산악회 좋 사람 코스 백 운동 탐방 지원 센터 서성 칠 불 봉 왕봉 해인사 주차장 킬로 남짓 물상 코스 가 경치 좋 산악회 버스 시간 여유 있 코스 시작 국립 공원 여권 스탬프 찍 기분 좋 요기 만물 백 운동 계곡 길 물상 코스 인터넷 예약 하 것 같 그쪽 가 백 운동 계곡 고고씽 날씨 좋 미세먼지 많 주 꽃 사진 찍 수 없 이쁘 이름 모르 킬로 가 길 마지막 킬로 구간 계단 있 미세먼지 뷰 진달래 철쭉 정상 쪽 암 릉 뷰 좋 관악산 계단 어택 칠불 봉 오른쪽 가 멋지 정상 석 만들 인증 지인 왕봉 높 야산 정상 칠불 봉 미터 너머 상왕 봉 인증 사진 등산 잡지 재질 위 찍 하늘 하산 연두 빛 찍 해인사 도착 쌍 겹 부처 오 날 준비 경내 역사 전통 있 사찰 아이 것 같 손 글씨 귀엽 거 보 절 다니 성당 가 거기 가 나 무교 팔만대장경 있 뒤 전각 저기 안 있 번 보 건데 오랜만 감탄 구도 좋 아쉽 나오 길 사진 앞 폼 잡 여유 있 시간 남 해인사 둘러보 줄 모르 여기 정문 입구 성철 스님 사리탑 등산 마무리 산악회 버스 타 시간 하 압박 있 오늘 편안 무리 코스 여유 있 코스 선택 식사 하 버스 시간 넘 이동 시간 잘 쉬 다음 주 월출산 기대 편안 주 되
" 멋진 절경을 자랑하는 가야산!!드디어 다녀왔다.인스타 찾아보니까 설산이 아주 멋있던데,눈이 녹기 전에 다녀와야겠다는 생각에주말 아침 출발했다.지난주 비슬산 갈 때선글라스를 안 챙겨서 눈이 너무 부셨던 기억이라이번에는 선글라스도 잘 챙겨갔다.아이젠과 등산 스틱, 장갑, 선글라스,군것질거리, 물, 손수건, 모자 등등준비물 잘 챙겨서백운동 탐방지원센터로 출발합니다~ 가야산1,432m등산 코스: 백운동 탐방지원센터~ 용기골코스~ 서성재~ 상왕봉~ 칠불봉~ 서성재~ 백운동 탐방지원센터등산 시간: 3시간 22분난이도: 중3km? NAVER Corp.더보기 /OpenStreetMap지도 데이터x? NAVER Corp. /OpenStreetMap지도 컨트롤러 범례부동산거리읍,면,동시,군,구시,도국가가야산경상남도 합천군 가야면가야산국립공원경상남도 합천군 가야면 가야산로 1645-8 길상암가야산국립공원백운동탐방지원센터경상북도 성주군 수륜면 가야산식물원길 66상왕봉경상남도 합천군 가야면 치인리   주말 오전 9쯤 도착했는데아직까지는 주차장 자리가 널널했다.일찍 오길 잘했어!!날씨 무엇?!!! 너무 좋은데??!경량 패딩 하나 챙겨갔는데짐이었음ㅋㅋㅋㅋㅋ  주차장에 주차를 하고길 따라 쭉~~ 올라가 봅시다.  이곳부터가 진정한 등산로가 시작된다.왼쪽의 빨간색 길이 만물상코스(난이도 상)오른쪽의 파란색 길이 용기골코스만물상코스가 힘들지만 볼거리가 많아서만물상코스로 올라가서용기골코스로 내려오는 사람들이 많다고한다.나는 용기골코스로 갔다가용기골코스로 내려올 예정!!  가야산 용기골코스 등산 초입은 어렵지 않지유!!   용기골코스는 만물상 코스에 비해경사가 심하지 않기 때문에등산 초입은 어렵지 않게 올라갈 수 있다.백운교 1, 2, 3개를 건너열심히 올라가 봅시다!  여기서부터 슬슬 눈이 보이기 시작함미끄러운 정도는 아니라서아이젠 없이 그냥 올라갔다.국립공원이라 그런가등산로가 잘돼있는 것 같다. 올라갈수록 점점 힘들었지만,그래도 부지런히 올라간다!! 서성재10시 20분에 서성재도착!!!상왕봉까지 1.4km 남았다.서성재는 만물상코스와 용기골코스가 만나는 곳으로여기서 많이들 쉬시는 것 같다.나도 잠시 휴식하고재정비 후에 올라가기로 했다.아이젠 착용하고!!등산 스틱 펼치고!!!  서성재 지나고부터는길도 좁고 많이 미끄럽기 때문에조심히 올라가야 한다.일렬로 줄줄이 올라갔음 부지런히 올라가다 보니상왕봉까지 1km 남았다.확실히 서성재 지나고부터 많이 힘듦ㅜ  마의 계단 구간!!!경사가 진짜 심하기 때문에진짜 진짜 조심히 올라가야 한다.다리가 막 후들후들 떨렸음ㅠ  계단 중간지점까지 올라와서뒤를 돌아보면멋진 광경이 펼쳐진다.진짜 입이 안 다물어짐 ㅜ다들 저 배경을 두고 사진을 찍으시던데나는 혼자 가서 사진 찍어줄 사람이 없었음^^;눈으로 많이 봐뒀다.  또 열심히 올라가 봅시다! 여기는 칠불봉(0.05km)과 상왕봉(0.2km)의 갈래길로나는 왼쪽으로 가서 상왕봉 먼저 갔다가다시 와서 칠불봉 갔다가하산하기로 했다. 저 끝에 보이는 곳이 상왕봉!!   상왕봉까지 가는길은 아주 험난하다.계단이 진~~~~짜 미끄럽고 경사가 심함..내 앞에 가시던 분 미끄럼타고 넘어지셨음ㅠㅠ그렇지만 그만큼의 절경은 말로못함겨울왕국이 따로 없다?? 상왕봉  11:10분 상왕봉 도착!!행복하다 정말ㅠㅠ정상석에서 사진 찍는 사람들이 많이 있어서사진 한 장 부탁드렸다.아주 길쭉하게 잘 찍어주셨음??이렇게 또하나의 블랙야크 100대명산 인증성공!! 소중한 약과 하나 먹고칠불봉으로 갑시다!!  칠불봉11시 30분 칠불봉 도착!!  여기서 인생샷이 나왔지^^ㅎㅎㅎㅎㅎ아주머니가 찍어주셨는데아주 맘에 듦??이제 부지런히 하산하자구!!!  11시 50분서성재까지 부지런히 내려와서조금 쉬다가 다시 출발하기로 했다.내려오는길 너무 미끄러워서발목 살짝 접질림?? 12시 36분 하산 완료!!!엉덩방아 한번 찧었지만,재빠르게 내려왔다.ㅋㅋㅋㅋㅋㅋ  가야산 용기골코스로 올라간 상왕봉과 칠불봉정상에 다다라서 볼거리가 아주 많았고조금은 힘들었지만,아주 난이도 높은 코스는 아니라초급자분들도 쉬엄쉬엄조심히 올라갈 수 있는 코스인 것 같다.다음에는 만물상코스로 올라가서용기골코스로 내려와봐야지:)   ",1팀,절경 자랑 가야산 스타 찾아보 설산 멋있 눈 녹기 전 생각 주말 아침 출발 지난주 비슬산 때 선글라스 눈 기억 이번 선글라스 아이젠 등산 스틱 장갑 선글라스 군것질 거리 물 손수건 모자 등등 준비물 백 운동 탐방 지원 센터 출발 가야산 등산 코스 백 운동 탐방 지원 센터 기골 코스 서성 상왕 봉 칠불 봉 서성 백 운동 탐방 지원 센터 등산 시간 시간 난이도 중 보 지도 데이터 지도 컨트롤러 범례 부동산 면 동시 군구 시도 국가 야산 경상남도 합천군 가야면 가야산 국립 공원 경상남도 합천군 가야면 가야산 길상 암가 야산 국립 공원 백 운동 탐방 지원 센터 경상북도 성주군 수륜면 가야산 식물원 길 왕봉 경상남도 합천군 가야면 치인리 주말 오전 도착 주차장 자리 오 날씨 무엇 좋 경량 패딩 하나 짐 주차장 주차 하 길 이곳 등 산로 시작 왼쪽 빨간색 길 만물 코스 난이도 오른쪽 파란색 길 용기 골 코스 물상 코스 힘들 볼거리 많 물상 코스 올라가 용기 골 코스 내려오 사람 많 나 용기 골 코스 용기 골 코스 예정 야산 기골 코스 등산 초입 어렵 용기 골 코스 만물 코스 경사 심하 때문 등산 초입 어렵 수 있 백운교 개 여기 눈 보이 시작 정도 국립 공원 가등 산로 것 같 힘들 서성 재시 분 서성 도착 왕봉 남 다서 성재 만물 코스 용기 골 코스 만나 곳 여기 쉬 것 같 나 휴식 정비 후 올라가 이젠 착용 등산 스틱 펼치 성재 지나 길 좁 미끄럽 때문 올라가 일렬 올라가 상왕 봉 남 성재 지나 힘 마의 계단 구간 경사 심하 때문 올라가 다리 계단 중간 지점 뒤 돌아보 광경 입 다물 배경 두 사진 찍 나 가 사진 찍 사람 없 눈 여기 칠불 봉과 왕봉 갈래 길 나 왼쪽 가 상왕 봉 봉 하산 끝 보이 곳 상왕 봉 왕봉 가 길 계단 미끄럽 경사 내 앞 가 분 미끄럼 타 넘어지 그만큼 절경 말 겨울 왕국 없 상왕 봉 왕봉 도착 행복 사진 찍 사람 있 사진 장 부탁 찍 하나 블랙 야크 대명 산 인증 성공 약과 하나 먹 봉 봉시 분 칠불 봉 도착 여기 인생 샷 아주머니 찍 맘 하산 시 분서 성재 쉬 출발 내려오 길 발목 접 질림 시 분 하산 완료 엉덩방아 번 찧 재빠르 가야산 용기 골 코스 상왕 봉과 칠불 봉정상 볼거리 많 조금 힘들 난이 높 코스 초급 자분 수 있 코스 것 같 다음 만물 코스 올라가 용기 골 코스
#가야산 #충남가야산 #옥양봉 #석문봉 #가야봉 #등산 #fujix100v #20230108미세먼지 최악이던 어느 날근교 산행을 다녀오자며 충남 가야산을 찾았다. 가야산주차장충청남도 예산군 덕산면 상가리 298-1 이곳에 주차를 하고 남연군묘 방향으로 걸어갔다. 이정표가 잘 표기되어 있어갈림길에서 우리는 옥양봉 방향으로!대부분 석문봉-가야봉 코스로 다녀오는거 같던데우리는 옥양봉까지 찍고 넘어갔다. 그의 기억속에 힘든 구간 없이 평탄했다는 가야산은기억이 미화되었는지..옥양봉까지 쉬지 않고 올랐는데 많이 힘들었다.   미세먼지의 여파로 깨끗한 하늘을 볼 수 없어 아쉬웠다.이렇게 생명줄 줄어갑니다.. 멋진 고목나무 옆에 등장한 옥양봉 비석체감은 설악산 마등령과 비등했다.. 뿌연 하늘에 할말이 없음..미세먼지 없는 세상에 살고 싶어요! 두번째 봉인 석문봉으로 넘어오고슬슬 배고파서 식사할 적당한 장소를 탐색해본다. 맞은편에 북적이는 사람들알록달록한 등산복들이 눈에 뛴다. 따뜻한 양지에 점심 먹으려고 자리 잡았는데고양이 두마리가 슬금슬금 먹이감을 찾아 나선다. 안타깝지만 오늘 메뉴는 컵라면 뿐이라 줄께 없구나시무룩하니 지켜보는 중 마지막 주봉인 가야봉을 향해 이동 중정상 부근 돌계단에 눈들이 쌓여 많이 미끄러웠다. 가야봉 도착!정상에서 우리가 걸어온 길들을 바라봤다. 하늘 상태가 많이 아쉬웠지만충남 가야산도 꽤 멋진 산세로 둘러 쌓여 있었다. 오랜만에 산행이라 많이 힘들어 하는 오빠올해는 제발 꾸준하게 운동 ?? 하산길에는 아이젠 착용해도 어마무시하게 미끄러웠다거의 엉덩이로 내려온 느낌ㅋㅋㅋ 신났네 신났어!ㅋㅋㅋ오늘은 9키로쯤 되는 코스였는데 금방 돌고 내려왔다.날씨 좋은 날 다시 와보세 :)  photo by @SY  ,1팀,가야산 충남 가야산 옥양봉 석문봉 가 봉 등산 미세 먼지 최악 날 근교 산행 다녀오 충남 가야산 찾 가야산 주차장 충청남도 예산군 덕산면 상가리 이곳 주차 하 남연군 묘 방향 이정표 표기 갈림길 우리 옥양봉 방향 대부분 석문 봉가 코스 다녀오 거 같 우리 옥양봉 찍 그 기억 속 구간 평탄 가야산 기억 미 옥양봉 쉬 힘들 미세먼지 여파 하늘 수 없 생명 줄 줄 고목나무 옆 등장 옥양봉 비석 체감 설악산 마등령 비등 하늘 말 없 미세먼지 없 세상 살 번 봉인 석문봉 넘어오 식사 장소 탐색 맞은편 북적이 사람 등산복 눈 양지 점심 먹 자리 잡 고양이 마리 먹이 찾 안타깝 메뉴 컵라면 뿐 없 지켜보 중 마지막 주봉 가야 봉 이동 중 정상 부근 돌계단 눈 도착 정상 우리 길 하늘 상태 충남 가야산 산세 오랜만 산행 힘들 하 오빠 올해 운동 산길 아이젠 착용 어마 무시 엉덩이 키 쯤 코스 돌 다날 씨 좋 날
"산행일시 : 04월 11일, 10:50 ~ 15:25산행코스 : 가야산 일원날       씨 : 흐리고 비가 오락가락... 바람은 왤케 불어대는겨~~산행느낌 : 오후에 비 소식이 있어서 멀리 못가고 뒷동산 산책 삼아서... 트랭글 기록와우수변공원에 주차하고...푸릇푸릇 상큼함이 전해지는 산길을 따라 발걸음 가볍게... 등나무꽃이 발길을 붙잡는다. 하루가 다르게 아파트 빌딩숲으로 변하는 시내 풍경33돌탑군을 돌아오른다.광양항 전망대에서...진달래가 지고 연달래가 연이어 그 자리를 대신한다.엥? 설마 공든 탑이 무너지랴~~ 했는데... 한 쪽이 무너졌다.원래는 이렇게 쌍봉탑이었는데...정자로 올라와 냉수 한 모금 마시고, 잠시 땀을 식힌다.남매바위 뒤로 백운산 주능선이 펼쳐지는데, 상봉은 검은 먹구름에 머리를 박고 있다.뒤 돌아 구봉(화)산을 조망하고...정상에 닿는다.정상에서 바라보는 광양만 풍경.정상을 내려서며 백운산 조망142계단을 따라 시루봉으로 건너간다.시루봉에 오르자, 맷돼지의 소행인지 잔디밭 길을 모조리 헤집어 놓았다. 시루봉을 뒤로 넘어가 늘 그 자리에서 이 풍경을 마주하고, 간식으로 간단하게 요기하고...바위에 박힌 산철쭉 한 송이 담고, 시루봉을 내려와서 광영 둘레길 한 바퀴 돌고...다시 큰골재 돌탑군을 돌아 오른다.장수쉼터에 다다르자 빗방울이 흩날린다. 튀자. 두두두두...광영동에도 새로운 아파트 단지가 조성되고 있다.다시 돌아온 와우수변공원. 다행히 많은 비는 안맞았다. ",1팀,산행 일시 월 산행 코스 가야산 일원 날 흐리 비 바람 불 산행 오후 소식 있 가 뒷동산 산책 삼 트 랭 글 기록 우수변 공원 주차 산길 발걸음 가볍 등나무 꽃 발길 붙잡 하루 다르 아파트 빌딩 숲 변하 시내 풍경 돌탑 군 돌 광양항 전망대 진달래 지 연달래 연이 자리 대신 탑 무너지 쪽 쌍봉 탑 정자 냉수 모금 마시 땀 남매 바위 뒤 백운산 주 능선 펼쳐지 상봉 검 먹구름 머리 박 뒤 돌아 봉화산 조망 정상 닿 정상 바라보 광양만 풍경 정상 내려서 백운산 조망 계단 시루봉 시루봉 오르 맷 돼지 소행 잔디밭 길 헤집 시루봉 뒤 자리 풍경 하 간식 요기 바위 산철쭉 송이 담 시루봉 광영 둘레길 바퀴 돌 골재 돌탑 군 돌 장수 쉼터 다르 빗방울 튀 광영동 아파트 단지 조성 와우 수변 공원 많 비 맞
"가야산 홍류동 소리 길 가야산 식당 오늘은 그동안 우한 코로나 열병으로 통상적인 산행을 하지 못하여 만추의 계절이 아쉬워 가야산 홍류동 소리길 탐방에 나섰다. 해인사 주차장에서 11시 10분에 시작했다. 일찍 집을 나서서 아침밥을 먹지 않아 금강산도 식후경(食後景)이라 해인사 관람을 위해 해인사 앞 가야산 식당에서 이른 점심을 먹었다.        삼선암  만추의 계절에 단풍도 고운 해인사(海印寺 사적 제504호)) 경내로 들어갔다. 명산대찰이라 가야산 해인사 일원(명승 제52호)은 평일인데도 관람객이 많았다. 해인(海印)이란 넓고 큰 바다에 거친 파도 곧 중생의 번뇌 망상이 멈추어 인간의 참된 모습이 물속 곧 바다(海)에 새겨(印) 진다는 뜻이다.  &lt;해인사 종합관광 안내소&gt;  &lt;성철스님 부도탑&gt; &lt;세계문화유산 해인사 고려경판 전 기념비&gt; &lt;해인사 일주문&gt;    &lt;해인 총림&gt;  &lt;해인사 대적광전&gt; &lt;해인사 경내에서 바라본 가야산&gt; &lt;팔만 대장경&gt; &lt;법보전&gt;    해인사는 많은 문화재가 있지만 삼보사찰(三寶寺刹)의 하나로 팔만대장경(八萬大藏經)을 있어 법보사찰(法寶寺刹)이 된다. 일찍이 서산대사가 머물렀고 근래에는 “산은 산이요 물은 물이로다.”라는 말을 남긴 성철 스님이 머물렀다. 무소유한 삶으로 누더기 승복과 고무신 한 켤레를 남긴 그에게 사리탑이 거창하다. 경내를 둘러보는데 1시간이 넘게 걸렸다.   &lt;가야산 식당 주변풍경&gt; 관람을 마치고 해인사 뒤편에서 가야산 정상 쪽을 바라보았다. 한때 수없이 오르내렸던 가야산! 코로나 염병으로 온전한 산행을 못해 오랜만에 가야산을 찾았으나 시간 관계상 부득이 홍류동 소리길 탐방으로 대신하려 한다.   &lt;소리길 입구 풍경&gt;&lt;홍류동 풍경&gt; &lt;가야산 홍류동 소리길&gt; 해인사에서 나와 이제 최 고운 선생의 발길과 숨결이 깃든 가야산 홍류동 소리 길로 접어든다. 홍류동은 해인사와 함께 해인사 일원은 명승 제52호가 된다. 점심 먹고 해인사 관람을 하고 나니 2시간 가까이 시간이 흘렀다. 오후 1시도 안되었는데 심산유곡이라 이미 해는 계곡 건너편으로 기어오르고 있다. 산에 가리고 숲에 가려서 어두침침하다.  회선대&lt;會仙臺&gt;첩석대&lt;疊石臺&gt;  홍류동(紅流洞)은 봄에 붉은 진달래와 철쭉 꽃잎 가을에 붉은 단풍잎이 물에 떠내려가는 골짜기를 뜻한다. 이 광경을 보려면 봄과 가을이 좋고 계곡이 깊어 그늘이 일찍 짐으로 햇볕이 드는 오전 중이래야 좋지만 여름이면 하루 중에 어느 때 찾아도 좋다.  &lt;낙화담&gt; &lt;낙화담 주변풍경&gt; 낙화 담은 가야산과 매화산의 붉은 꽃잎이 나무에서 떨어지고 또다시 물에서 떠내려 오다가 폭포에서 물웅덩이로 떨어져 꽃잎이 빙글빙글 도는 그 모습은 상상만으로도 자연스럽다. 여기에 왜 옛사람들의 시가 없겠는가? 落花潭(낙화 답) 風雨前?鬪澗阿 (풍우 전소 투 간아) 어젯밤 비바람에 골짜기가 요란하더니滿潭流水落花多 (만담 유수 낙화다) 못 가득히 흐르는 물에 낙화가 많기도 해라道人猶有情根在 (도인유유정근재) 도인은 오히려 정을 가지고 뿌리가 남아있어雙淚涓涓添綠波 (쌍루 연연 청록파) 두 눈에 흐르는 눈물이 푸른 물결에 더 해 지누나! &lt;길상암 전경&gt;  제월담(?月潭)  분옥폭(噴玉瀑) 취적봉(翠積峰) &lt;농산정 현판&gt;&lt;농산정 전경&gt;&lt;농산정 앞 풍경&gt;   고운 최치원 선생이 가야산에 들어와 독서하던 농산정(籠山亭)이다. 첩첩 산이 에둘렀다는 이름을 가진 정자다. 바로 건너편에 최치원 선생의 유적지인 가야 서당이 있다. 정자 주변 계곡은 홍류동에서 가장 멎진 계곡미를 자랑한다. 그래서 바위들에는 옛사람들의 이름과 글들이 무수히 새겨져있다. 그리하여 영재 이건창&lt;寧齋 李建昌 1852-1898&gt;은 紅流洞戱題 (홍류 동희제)에서 이런 시를 남겼다.   紅流洞戱題 (홍류 동희제)  紅流洞裏萬山靑 (홍류동 리만 산청) 홍류동 안에는 산들 온통 푸른데四壁周遭削玉屛 (사벽주조삭옥병) 둘러선 사방 벽은 옥을 깎은 병풍 일세古今遊人題姓字 (고금 유인제 성자) 고금의 나그네들 새겨놓은 이름자가多於八萬大藏經 (다의 팔만대장경) 팔만대장경 글자보다 더욱더 많구나!  &lt;소리길 풍경&gt;  &lt;홍류문&gt;&lt;법보종찰 가야산 해인사 산문&gt; &lt;산문 주변의 풍경&gt;   &lt;길가에 누운 석조 와불&gt; 홍류문 매표소다. 이 문은 가야산 산문(山門)인 셈이다. 해인사로 들어가는 쪽에는 法寶宗刹伽耶山 海印寺 (법보종찰 가야산 해인사)라는 현판이 걸려 있고 해인사 또는 소리 길에서 나 가는 쪽에서는 紅流門(홍류 문)이라는 현판이 걸려있다.   칠성대(七星臺)      &lt;황산마을에서 바라본 가야산 공룡능선&gt;&lt;  &lt;황산마을 풍경&gt; 홍류 무을 나와 칠성대를 지나 소리길 탐방안내 센터이다. 홍류동 소리길은 해인사에서 대장경 테마파크 앞 소리 길 입구까지 7, 1km이다. 짧은 해가 아쉬운 하루였다. 내가 걸은 총거리는 9, 6km이다 홍류동 첫 마을 황산마을에 도착하니 14시 10분이더라.  50m? NAVER Corp.더보기 /OpenStreetMap지도 데이터x? NAVER Corp. /OpenStreetMap지도 컨트롤러 범례부동산거리읍,면,동시,군,구시,도국가가야산소리길(해인사소리길)경상남도 합천군 가야면 구원리 산9-5  해인사 주차장~ 가야산 식당~ 성보 박물관 ~소리길입구~회선대~첩석대~낙화담~낙화담~길상암~제월담~분옥폭~농산정~취적봉~홍류동~홍류문 매표소~칠성대~무릉교~소리길 탐방지원센터~황산마을 거리 9, 6km. 3사간 소요. 2021년 11월 4일 목요일 맑음  ",1팀,야산 홍 동 소리 길 가야산 식당 오늘 그동안 우한 코로나 열병 통상 산행 하 만추 계절 가야산 홍 동 소리 길 탐방 해인사 주차장 시 분 시작 집 나서 아침밥 먹 금강산 식후 해인사 관람 해인사 앞 가 야산 식당 점심 먹 삼 선암 만추 계절 단풍 해인사 사 제호 경내 명산대찰 가야산 해인사 일원 명승 제호 평일 관람객 많 해인 넓 바다 파도 중생 번뇌 망상 멈추 인간 참 모습 물속 바다 뜻 해인사 종합 관광 안내소 성철 스님 부도 탑 세계 문화유산 인사 고려 경판 전 기념비 인사 일주문 해인 총림 인사 대적광전 해인사 경내 가야산 팔 대장경 법보 전 인사 많 문화재 있 삼보 사찰 하나 팔만대장경 있 법보 사찰 서산대사 근래 산 산 물 물 말 성철 스님 무소유 삶 누더기 승복 고무신 켤레 그 사리탑 경내 둘러보 시간 넘 가야산 식당 주변 풍경 관람 마치 해인사 뒤편 가야산 정상 쪽 바라보 한때 가야산 코로나 염병 산행 오랜만 가 산 찾 시간 관계 홍 동 소리 길 탐방 대신 소리 길 입구 풍경 홍 동 풍경 가야산 홍 동 소리 길 인사 고운 선생 발길 숨결 가야산 홍 동 소리 길 홍 동 해인사 해인사 일원 명승 제호 점심 먹 해인사 관람 하 시간 시간 오후 시도 되 심산유곡 해 계곡 건너편 기어오르 산 가리 숲 회선 대첩 석대 홍 동 봄 붉 진달래 철쭉 꽃잎 가을 붉 단풍잎 물 떠내려가 골짜기 광경 보 가을 좋 계곡 깊 그늘 짐 햇볕 드 오전 중 좋 여름 하루 중 때 찾 좋 낙 화담 낙 화담 주변 풍경 낙화 담 가야산 매화산 붉 꽃잎 나무 떨어지 물 오 폭포 물웅덩이 꽃잎 도 모습 상상 자연 여기 사람 시 없 낙화 답 풍우 전소 투 간아 어젯밤 비바람 골짜기 요란 만담 유수 낙화 흐르 물 낙화 많 도인 유유정 근재 도인 정 가지 뿌리 남 쌍루 연연 청록파 눈 흐르 눈물 물결 길상 암 전경 월담 옥 폭 취적 봉 농산 정 현판 농산 경농 산정 앞 풍경 최치원 선생 야산 독서 농산 정 첩첩 산 이름 정자 건너편 최치원 선생 유적 지인 가 서당 있 정자 주변 계곡 홍 동 멎 계곡미 자랑 바위 사람 이름 글 영재 이건창 홍 동희 시 홍 동희 홍 동 리만 산청 홍 안 데 벽주 조삭 옥병 사방 벽 옥 깎 병풍 고금 유인제 성자 고금 나그네 이름자 다의 팔만대장경 팔만대장경 글자 많 소리 길 풍경 홍 문법 보종 가야산 해인사 산문 산문 주변 풍경 길가 석조 홍 매표소 문 가야산 산문 셈 해인사 들어가 쪽 법 보종 가야산 해인사 현판 해인사 소리 길 나 가 쪽 홍 문 현판 칠 성대 황산 마을 가야산 공룡능선 황산 마을 풍경 홍 칠 성대 소리 길 탐방 안내 센터 홍 동 소리 길 해인사 대장경 테마파크 앞 소리 길 입구 짧 해 하루 내 걸 총 이 홍 마을 황산 마을 도착 시 분 보 지도 데이터 지도 컨트롤러 범례 부동산 면 동시 군구 시도 국가 야산 소리 길 인사 소리 길 경상남도 합천군 가야면 구원리 산 해인사 주차장 가 야산 식당 성보 박물관 소리 길 입구 회선 대첩 석대 낙 화담 낙 화담 길상 암 월담 옥 폭 농산 정취 봉 홍 동홍 매표소 칠성 대무 릉 교 소리 길 탐방 지원 센터 황산 마을 거리 사간 소요 년 월 목요일 맑
"가야산 일출 산행에 다녀왔다. 이 날 날씨예보는 '맑음'이라 다행이긴 했는데, 일출 시간에 맞춰 칠불봉까지 올라 갈 수 있을지가 관건이었다.머리로는 갈 수 있겠지 싶었는데 과연 몸이 따라줄 지...※ 가야산 국립공원※ 날짜 : 2022년 10월 중순※ 코스 : 백운동탐방지원센터(용기골 탐방로)-서성재-칠불봉-서성재-만물상-백운동탐방지원센터※ 산행거리 : 약 8.5km※ 소요시간 : 6시간 40분 새벽 4시. 백운동탐방지원센터 용기골 탐방로로 산행을 시작한다. 옆에 있는 만물상 탐방로. 이따 여기로 내려올 예정이다. 백운동탐방지원센터에서 서성재 까지 약 2.6km 동안은 무난한 오르막길이다. 이 때 쉬지않고 가야 시간 단축이 될 것 같아서 서둘렀다.서성재부터 칠불봉까지는 무자비한 오르막이니까....   역시나 칠불봉 가는 길은 만만치 않았다. 경사 심한 계단이 많아서 허벅지에서 비명이 나온다 ㅋㅋ 사진 찍을 겨를도 없었음.꺅. 고개를 드니 여명이 밝아오고 있어서 설레임에 들숨날숨 무한반복ㅋㅋ 다행히 해 뜨기 전에 칠불봉에 도착했다.    너무나 오랜만에 보는 동그란 일출.. 쉽게 볼 수 없는 일출이라 더 감격스러웠다. 해가 쨍하니 빛 받은 가야산도 아름다웠고.         칠불봉에서 다시 내려와 서성재 갈림길에서 만물상코스로 간다. 자주색과 검은색이 섞여있네..후덜 자세히 읽어보면 말도 안되는 체크리스트 ㅋㅋ       앞으로 넘어가야 할 길 ㅋㅋ  저 곳에 있다가 내려왔다니.. 올려다보아도 역시 멋진 곳이다.      만물상은 바위가 많을 줄 알았는데 계단 정비를 해놔서.. 크게 어렵지는 않으나 경사가 꽤 되는 편이다. 여기로 올라올 생각하면 까마득..  올라오는 사람도 꽤 있었는데 대단함 ㅎㅎ    마지막 1km 정도는 오색, 중산리 뺨치는 급경사를 내려왔다. 수고했다 내 무릎~~만물상 코스는 내려오면서 보는 경치가 참 멋졌다. 멍때리고 싶은 장소가 많은 곳이었넹.가야산은 이미 산 전체가 단풍으로 물들어서 산행 내내 눈이 즐거웠다.여름에도 오고 가을에도 와봤으니 이제 겨울 모습만 보면 되나 ㅎㅎ   ",1팀,야산 일출 산행 날 날씨 예보 맑 다행 일출 시간 봉 수 있 관건 머리 수 있 몸 지 가야산 국립 공원 날짜 년 월 중순 코스 백 운동 탐방 지원 센터 기골 탐방 성재 칠불 봉서 만물 백 운동 탐방 지원 센터 산행 소요 시간 시간 새벽 시 백 운동 탐방 지원 센터 기골 탐 방로 산행 시작 옆 있 만물 탐방 여기 예정 백 운동 탐방 지원 센터 서성 까지 동안 오르막길 때 쉬 시간 단축 것 같 다서 성재 칠불 봉 오르막 역시 칠불 봉 가 길 경사 계단 많 허벅지 비명 사진 찍 겨를 없 고개 드 여명 밝 오 들숨 날숨 무한 반복 뜨 전 칠불 봉 도착 오랜만 보 일출 쉽 수 없 일출 감격 해 쨍하 빛 받 가야산 봉 서성 갈림길 만물 코스 자주색 검 색 읽 말 되 체크 리스트 앞 넘어가 길 곳 있 올려다보 곳 만물 바위 많 줄 알 계단 정비 크 어렵 경사 되 편 여기 생각 올라오 사람 있 마지막 정도 오색 중 산리 뺨치 급경사 수고 내 무릎 물상 코스 내려오 경치 때리 장소 많 곳 넹 가야산 전체 단풍 물들 산행 눈 여름 오 가을 겨울 모습 보 되
"산행일시 : 02월 22일, 10:30 ~ 15:15산행코스 : 가야산 일원날       씨 : 가끔 구름 많으나, 추위는 더 이상 걱정 안해도 되겠다.산행느낌 : 시큰거리는 무릎, 재활치료차 뒷산에나 오르자고... 트랭글 기록뜰앞 산수유도 다투어 꽃망울을 터뜨리며 봄소식을 전한다.무릎이 시큰거려 멀리 못가고, 광영둘레길을 따라 걷다가 멀리 희미하게 보이는...당겨보니 지리산 천왕봉에서 촛대봉으로 이어지는 능선이다.백운산 억불봉도 웅장한 기세로 우뚝 솟았다.하동 금오산정상으로 향하며 142계단을 올라서서 뒤돌아 본 시루봉.백운산 연봉들과 지리산 마루금이 뚜렷하다.비 오듯 쏟아지는 땀방울을 훔치며, 정상에 올라 냉수 한 모금 마시고, 잠시 숨을 고른다.광양항과 여수산단 조망.장수쉼터로 내려서서, 가야정을 돌아나와서...여기가 좋겠네... 오늘 점심. 간단히 해결하고...큰바위쉼터를 지나며 우후죽순처럼 솟아나는 광양시 아파트숲을 내려다 보고...33돌탑군을 돌아나온다.광양항 전망대에서...탑골 돌탑군가람쉼터 돌탑군둘레길 한 바퀴 돌고돌아서 다시 돌아온 장수쉼터에서 잠시 숨을 고르고... 다시 정상으로...전망대 정자쪽으로 발걸음을 돌렸다가...시루봉으로 건너와서 백운산과 지리산에 잠시 시선을 고정. 시루봉을 돌아내려와, 이 풍경을 마주하고 잠시 쉬어가도 좋다. 건너편에는 남해 망운산이...하동 금오산과 깃대봉, 연대봉이 남해로 젖어든다.큰골 약수터로 내려와서 약수 한 모금, 산행을 종료한다. 말릴 수 없는 봄은 이미 곁에 와 있다.봄맞이나 가자!! 그런데 무릎, 이대로 괜찮을까~~~ 쉬어야 하나, 걸어야 하나~~~ ",1팀,산행 일시 월 산행 코스 가야산 일원 날 씨 구름 많 추위 이상 걱정 되 산행 시큰거리 무릎 재활 치료 차 뒷산 오르 트 랭 글 기록 뜰 앞 산수유 다투 꽃망울 터뜨리 봄소식 무릎 거 가 광영 둘레길 걷 보이 지리산 천왕봉 촛대봉 이어지 능선 백운산 억불 봉도 기세 솟 하동 금오산 정상 향하 계단 올라서 뒤돌 시루봉 백운산 연봉 지리산 마루 금 다비 오 쏟아지 땀방울 훔치 정상 냉수 모금 마시 숨 광양항 여수 조망 장수 쉼터 내려서 정 돌 여기 좋 점심 해결 바위 쉼터 지나 우후죽순 솟아나 광양시 아파트 숲 돌탑 군 돌 광양항 전망대 탑 골 돌탑 군 가람 쉼터 돌탑 군둘레 길 바퀴 돌고돌 장수 쉼터 숨 고르 정상 전망대 정자 쪽 발걸음 시루봉 백 운산 지리산 시선 고정 시루 봉 돌 풍경 하 쉬 좋 건너편 남해 망운산 이하동 금오 산 깃대봉 연대봉 남해 젖 큰골 약수터 약수 모금 산행 종료 수 없 봄 곁 봄맞이 가 무릎 괜찮 쉬 하나 하나
사장님이 참하시고 친절해요!!!!!!! 가끔 지나가다 개간식 선물하려고 들리는데 개김밥도 너무 귀엽고댕댕이치킨도 너무 귀여워서 선물하기 좋아요!!! 댕댕이들이 말도 잘먹고 오리도 캥거루도 잘먹어서 사줄 맛이납니댜! (나보다 잘 먹는 댕댕이들 니 삶부럽댷ㅎㅎㅎ),2팀,사장 참하 친절 지나가 개 간식 선물 들리 개 김밥 귀엽 댕댕이 치킨 선물 좋 댕댕이 말 먹 오리 캥거루 먹 맛 이납 나 먹 댕댕이 삶 부럽
젊은 사장님께서 늘 변함없이 친절하고 제품설명도 잘해 주셔요ㅎㅎ사료 잘 안 먹는 우리 강쥐 거의 3년째 여기 화식 잘 먹고 있습니다~오래 오래 현동 지켜 주셔요!,2팀,젊 사장 친절 제품 설명 사료 먹 우리 강 쥐 년 여기 화식 먹 현동
우리 멍뭉이 최애 수제간식 맛집~직접 만들어 파시는거라 안심하고 먹여요 우리 멍뭉이는 소중하니깐요!!특히 우스틱!!오래 먹는 간식이라 자주 구매해요 잠시 편해지는 시간이랄까요??넘 좋다는????,2팀,우리 최애 수제 간식 맛집 만들 파 거 안심 우리 우스 먹 간식 구매 시간 좋
늘 친절하시고 서비스도 잘 챙겨 주심!,2팀,친절 서비스
늘 믿고 먹여요 우리 강아지가 완전 좋아합니다ㅎㅎ,2팀,믿 우리 강아지 좋
"믿고 멕이는 202 수제 간식????
너무 잘 먹어서 친구 댕댕이들 선물 하기도 좋고 친절하셔서 더 좋아용
저번에 배달도 해주셔서 편하게 잘 먹였어요????",2팀,믿 멕이 수제 간식 먹 친구 댕댕이 선물 좋 친절 좋 저번 배달 편하
최애 수제간식 잘먹어요,2팀,최애 수제 간식 먹
수제간식이라 믿고 잘먹어요,2팀,수제 간식 믿 먹
정성이 들어간 수제간식이라 믿고 먹어요,2팀,정성 수제 간식 믿 먹
아이가 잘먹는 수제간식 ,2팀,아이 먹 수제 간식
'자주 오는데 카이막 가성비 좋은 디저트예요^^*이벤트로 감튀도 받을수있으니 놓치지말고주문하세용??????',3팀,오 카 이막 성비 좋 디저트 이벤트 감 튀 받 수 있 놓치 주문
'뷰맛집으로 간간히 찾는 곳!!카이막세트 강추 입니다빵은 바삭 쫄깃하면서 달콤한 카이막 올려 먹으니 감탄이 절로 나오네요 ^^',3팀,뷰 맛집 찾 곳 카 이막 세트 강추 빵 카 이막 먹 감탄 나오
"'피자 엄청 맛있어요, 커피도 맛있어요~전에 카이막도 먹었었는데 맛있었어요바다뷰도 좋아요'",3팀,피자 맛있 커피 맛있 요전 이막 먹 맛있 바다 뷰 좋
'카이막이 너무 맛있어서 눈깜짝할사이에 다먹고 말았어요ㅠㅠ빈접시만 남았네요',3팀,카 이막 맛있 사이 먹 남
'박일섭카이막 너무 맛있네요 카페라떼도 너무 예쁘고 맛있었어요  바다뷰도 너무예쁘고 친절하시고 좋습니다',3팀,박일섭 카이 막 맛있 카페 라떼 예쁘 맛있 바다 뷰 예쁘 친절 좋
'너무 맛있어요 좌석도 편하고 좋아요카페 올 일 있으면 여기로 무조건 오는것 같아요',3팀,맛있 좌석 편하 좋 카페 일 있 여기 오 것 같
'뷰맛집이네요!!커피도 디저트도 맛있구 사장님도 친절하셔요??',3팀,뷰 맛집 커피 디저트 맛있 사장 친절
'뷰가 너무 멋진 곳입니다피자랑 박일섭 카이막세트에 너무 맛나요동생이랑 간만에 눈도 입도 호강한 날이네요^^',3팀,뷰 곳 피자 박일섭 카이 막 세트 맛나 동생 눈 입 호강 날
'인테리어가 바다뷰랑 찰떡입니당! 좌석도 다 편해서 넘 좋았구요~ 날씨 좋은 날은 3층 테라스 가시면 뻥뚫 바다뷰 굿굿!',3팀,인테리어 바다 뷰 찰떡 입 좌석 좋 날씨 좋 날 층 테라스 가시 뻥 뚫 뷰 굿 굿
'비주얼부터 맛까지 완벽합니다 두번째 방문인데 만족해요 !!',3팀,비주얼 맛 완벽 번 방문 만족
